k,NDCG,MAP,Recall,P
1,0.5,0.47483,0.47483,0.5
3,0.56602,0.53909,0.61956,0.22222
5,0.59271,0.55573,0.68439,0.15
10,0.62639,0.57186,0.78233,0.08833
