k,NDCG,MAP,Recall,P
1,0.34722,0.1714,0.1714,0.34722
3,0.3318,0.25188,0.30536,0.22377
5,0.34504,0.27507,0.36706,0.16759
10,0.36867,0.29141,0.44131,0.10448
