k,NDCG,MAP,Recall,P
1,0.24,0.04853,0.04853,0.24
3,0.20284,0.09135,0.11658,0.19167
5,0.17737,0.11004,0.15923,0.1572
10,0.21641,0.12938,0.23087,0.114
