k,NDCG,MAP,Recall,P
1,0.33333,0.31528,0.31528,0.33333
3,0.4156,0.38778,0.47694,0.17
5,0.44061,0.403,0.53833,0.116
10,0.47235,0.41644,0.63328,0.06933
