k,NDCG,MAP,Recall,P
1,0.61,0.58094,0.58094,0.61
3,0.70163,0.67024,0.7695,0.28111
5,0.72175,0.68404,0.82094,0.18333
10,0.73763,0.69185,0.86589,0.098
