k,NDCG,MAP,Recall,P
1,0.41667,0.3925,0.3925,0.41667
3,0.47627,0.452,0.52206,0.18778
5,0.49636,0.46504,0.57133,0.12533
10,0.52607,0.47767,0.66172,0.073
