k,NDCG,MAP,Recall,P
1,0.60333,0.57872,0.57872,0.60333
3,0.6702,0.64806,0.70978,0.25778
5,0.69221,0.66291,0.76528,0.17
10,0.72,0.67636,0.84522,0.09533
