k,NDCG,MAP,Recall,P
1,0.17747,0.09148,0.09148,0.17747
3,0.17252,0.12665,0.15909,0.11574
5,0.18469,0.13928,0.19915,0.09228
10,0.20682,0.15136,0.26566,0.06188
