k,NDCG,MAP,Recall,P
1,0.50333,0.48233,0.48233,0.50333
3,0.59673,0.56564,0.66033,0.23778
5,0.62928,0.58826,0.73794,0.164
10,0.64508,0.59593,0.78333,0.08833
