k,NDCG,MAP,Recall,P
1,0.163,0.03285,0.03285,0.163
3,0.13877,0.06023,0.07915,0.13067
5,0.11958,0.0703,0.10618,0.105
10,0.14493,0.08206,0.15263,0.0755
