k,NDCG,MAP,Recall,P
1,0.63,0.59994,0.59994,0.63
3,0.68486,0.66185,0.72128,0.26444
5,0.70483,0.67611,0.77428,0.172
10,0.73463,0.69102,0.85922,0.09733
